{"box": [37.594206, -122.044215], "map": {"zoom": 3, "centerlng": 0, "centerlat": 0}, "00-17-0d-00-00-5a-99-ef": [37.594206, -122.044215], "hub": [51.501181, -0.142427], "00-17-0d-00-00-32-dc-61": [37.594206, -122.044215]}